TIME STAMP,SET POINT,OFFSET,MISSING DATA POINTS,AREA TEMPERATURE,AHU OPERATIONAL STATUS,ACTUATOR OUTPUT,ACTUATOR FEEDBACK,VFD OUTPUT,VFD FEEDBACK
2018-08-12 00:00:01,24.5,0.5,0,25.97,off,10,11,0,0.0
2018-08-12 00:01:03,24.5,0.5,0,26.01,off,10,11,0,0.0
2018-08-12 00:02:05,24.5,0.5,0,26.01,off,10,11,0,0.0
2018-08-12 00:03:07,24.5,0.5,0,26.04,off,10,11,0,0.0
2018-08-12 00:04:09,24.5,0.5,0,26.05,off,10,10,0,0.0
2018-08-12 00:05:11,24.5,0.5,0,26.05,off,10,11,0,0.0
2018-08-12 00:06:13,24.5,0.5,0,26.08,off,10,11,0,0.0
2018-08-12 00:07:15,24.5,0.5,0,26.1,off,10,11,0,0.0
2018-08-12 00:08:18,24.5,0.5,0,26.11,off,10,11,0,0.0
2018-08-12 00:09:20,24.5,0.5,0,26.12,off,10,11,0,0.0
2018-08-12 00:10:22,24.5,0.5,0,26.13,off,10,11,0,0.0
2018-08-12 00:11:24,24.5,0.5,0,26.15,off,10,10,0,0.0
2018-08-12 00:12:26,24.5,0.5,0,26.17,off,10,11,0,0.0
2018-08-12 00:13:28,24.5,0.5,0,26.2,off,10,11,0,0.0
2018-08-12 00:14:31,24.5,0.5,0,26.19,off,10,11,0,0.0
2018-08-12 00:15:33,24.5,0.5,0,26.21,off,10,11,0,0.0
2018-08-12 00:16:35,24.5,0.5,0,26.22,off,10,11,0,0.0
2018-08-12 00:17:37,24.5,0.5,0,26.23,off,10,11,0,0.0
2018-08-12 00:18:39,24.5,0.5,0,26.25,off,10,10,0,0.0
2018-08-12 00:19:41,24.5,0.5,0,26.24,off,10,11,0,0.0
2018-08-12 00:20:43,24.5,0.5,0,26.24,off,10,11,0,0.0
2018-08-12 00:21:45,24.5,0.5,0,26.26,off,10,11,0,0.0
2018-08-12 00:22:48,24.5,0.5,0,26.3,off,10,11,0,0.0
2018-08-12 00:23:50,24.5,0.5,0,26.31,off,10,11,0,0.0
2018-08-12 00:24:52,24.5,0.5,0,26.35,off,10,11,0,0.0
2018-08-12 00:25:54,24.5,0.5,0,26.36,off,10,11,0,0.0
2018-08-12 00:26:56,24.5,0.5,0,26.36,off,10,11,0,0.0
2018-08-12 00:27:58,24.5,0.5,0,26.37,off,10,11,0,0.0
2018-08-12 00:29:00,24.5,0.5,0,26.36,off,10,11,0,0.0
2018-08-12 00:30:02,24.5,0.5,0,26.37,off,10,11,0,0.0
2018-08-12 00:31:05,24.5,0.5,0,26.36,off,10,11,0,0.0
2018-08-12 00:32:07,24.5,0.5,0,26.36,off,10,11,0,0.0
2018-08-12 00:33:09,24.5,0.5,0,26.36,off,10,11,0,0.0
2018-08-12 00:34:11,24.5,0.5,0,26.36,off,10,10,0,0.0
2018-08-12 00:35:13,24.5,0.5,0,26.36,off,10,11,0,0.0
2018-08-12 00:36:15,24.5,0.5,0,26.4,on,10,11,0,45.0
2018-08-12 00:37:17,24.5,0.5,0,26.36,on,76,10,45,45.0
2018-08-12 00:38:19,24.5,0.5,0,26.32,on,80,27,47,45.0
2018-08-12 00:39:22,24.5,0.5,0,26.25,on,84,82,49,45.0
2018-08-12 00:40:24,24.5,0.5,0,26.13,on,87,87,50,45.0
2018-08-12 00:41:26,24.5,0.5,0,25.99,on,90,90,50,45.0
2018-08-12 00:42:28,24.5,0.5,0,25.81,on,93,93,50,45.0
2018-08-12 00:43:30,24.5,0.5,0,25.65,on,94,96,50,45.0
2018-08-12 00:44:32,24.5,0.5,0,25.52,on,95,97,50,45.0
2018-08-12 00:45:34,24.5,0.5,0,25.41,on,95,97,50,45.0
2018-08-12 00:46:37,24.5,0.5,0,25.3,on,95,98,50,45.0
2018-08-12 00:47:39,24.5,0.5,0,25.18,on,95,98,50,45.0
2018-08-12 00:48:41,24.5,0.5,0,25.05,on,95,98,50,45.0
2018-08-12 00:49:43,24.5,0.5,0,25.04,on,95,98,50,45.0
2018-08-12 00:50:45,24.5,0.5,0,24.97,on,95,98,50,45.0
2018-08-12 00:51:47,24.5,0.5,0,24.97,on,95,98,50,45.0
2018-08-12 00:52:49,24.5,0.5,0,24.98,on,95,98,50,45.0
2018-08-12 00:53:52,24.5,0.5,0,24.93,on,95,98,50,45.0
2018-08-12 00:54:54,24.5,0.5,0,24.74,on,95,98,50,45.0
2018-08-12 00:55:56,24.5,0.5,0,24.72,on,95,98,50,45.0
2018-08-12 00:56:58,24.5,0.5,0,24.69,on,95,98,50,45.0
2018-08-12 00:58:00,24.5,0.5,0,24.67,on,95,98,50,45.0
2018-08-12 00:59:02,24.5,0.5,0,24.59,on,95,98,50,45.0
2018-08-12 01:00:04,24.5,0.5,0,24.54,on,95,98,50,45.0
2018-08-12 01:01:06,24.5,0.5,0,24.49,on,95,98,50,45.0
2018-08-12 01:02:09,24.5,0.5,0,24.42,on,95,98,50,45.0
2018-08-12 01:03:11,24.5,0.5,0,24.35,on,94,98,50,45.0
2018-08-12 01:04:13,24.5,0.5,0,24.33,on,94,98,50,45.0
2018-08-12 01:05:15,24.5,0.5,0,24.3,on,93,98,49,45.0
2018-08-12 01:06:17,24.5,0.5,0,24.3,on,93,96,49,45.0
2018-08-12 01:07:19,24.5,0.5,0,24.31,on,93,95,49,45.0
2018-08-12 01:08:22,24.5,0.5,0,24.31,on,92,96,49,45.0
2018-08-12 01:09:24,24.5,0.5,0,24.3,on,92,95,49,45.0
2018-08-12 01:10:26,24.5,0.5,0,24.32,on,92,95,49,45.0
2018-08-12 01:11:28,24.5,0.5,0,24.34,on,92,95,49,45.0
2018-08-12 01:12:30,24.5,0.5,0,24.3,on,91,95,48,45.0
2018-08-12 01:13:32,24.5,0.5,0,24.28,on,91,94,48,45.0
2018-08-12 01:14:34,24.5,0.5,0,24.3,on,91,94,48,45.0
2018-08-12 01:15:36,24.5,0.5,0,24.27,on,90,94,48,45.0
2018-08-12 01:16:39,24.5,0.5,0,24.24,on,90,94,48,45.0
2018-08-12 01:17:41,24.5,0.5,0,24.14,on,89,93,47,45.0
2018-08-12 01:18:43,24.5,0.5,0,24.02,on,88,93,47,45.0
2018-08-12 01:19:45,24.5,0.5,0,23.94,on,10,91,33,45.0
2018-08-12 01:20:47,24.5,0.5,0,23.89,on,10,39,33,33.0
2018-08-12 01:21:49,24.5,0.5,0,23.88,on,10,11,33,33.0
2018-08-12 01:22:51,24.5,0.5,0,23.93,on,10,11,33,33.0
2018-08-12 01:23:54,24.5,0.5,0,23.98,on,10,11,33,33.0
2018-08-12 01:24:56,24.5,0.5,0,24.04,on,10,11,33,33.0
2018-08-12 01:25:58,24.5,0.5,0,24.13,on,10,11,33,33.0
2018-08-12 01:27:00,24.5,0.5,0,24.24,on,10,11,33,33.0
2018-08-12 01:28:02,24.5,0.5,0,24.49,on,10,11,33,33.0
2018-08-12 01:29:04,24.5,0.5,0,24.63,on,10,11,33,33.0
2018-08-12 01:30:06,24.5,0.5,0,24.81,on,10,11,33,33.0
2018-08-12 01:31:09,24.5,0.5,0,24.95,on,10,11,33,33.0
2018-08-12 01:32:11,24.5,0.5,0,25.07,on,10,11,33,33.0
2018-08-12 01:33:13,24.5,0.5,0,25.16,on,66,11,42,33.0
2018-08-12 01:34:15,24.5,0.5,0,25.21,on,68,33,43,42.0
2018-08-12 01:35:17,24.5,0.5,0,25.28,on,70,71,44,43.0
2018-08-12 01:36:19,24.5,0.5,0,25.28,on,72,73,45,44.0
2018-08-12 01:37:21,24.5,0.5,0,25.25,on,74,75,46,45.0
2018-08-12 01:38:24,24.5,0.5,0,25.25,on,76,77,46,45.0
2018-08-12 01:39:26,24.5,0.5,0,25.2,on,77,79,47,45.0
2018-08-12 01:40:28,24.5,0.5,0,25.13,on,78,80,48,45.0
2018-08-12 01:41:30,24.5,0.5,0,25.02,on,79,81,48,45.0
2018-08-12 01:42:32,24.5,0.5,0,24.92,on,79,82,49,45.0
2018-08-12 01:43:34,24.5,0.5,0,24.78,on,79,82,49,45.0
2018-08-12 01:44:36,24.5,0.5,0,24.65,on,79,82,49,45.0
2018-08-12 01:45:38,24.5,0.5,0,24.59,on,79,82,49,44.58
2018-08-12 01:46:41,24.5,0.5,0,24.51,off,10,82,0,0.0
2018-08-12 01:47:43,24.5,0.5,0,24.56,off,10,82,0,0.0
2018-08-12 01:48:45,24.5,0.5,0,24.63,off,10,10,0,0.0
2018-08-12 01:49:47,24.5,0.5,0,24.77,off,10,11,0,0.0
2018-08-12 01:50:49,24.5,0.5,0,24.84,off,10,11,0,0.0
2018-08-12 01:51:51,24.5,0.5,0,24.99,off,10,11,0,0.0
2018-08-12 01:52:53,24.5,0.5,0,25.09,off,10,11,0,0.0
2018-08-12 01:53:56,24.5,0.5,0,25.2,off,10,11,0,0.0
2018-08-12 01:54:58,24.5,0.5,0,25.31,off,10,11,0,0.0
2018-08-12 01:56:00,24.5,0.5,0,25.39,off,10,11,0,0.0
2018-08-12 01:57:02,24.5,0.5,0,25.48,off,10,11,0,0.0
2018-08-12 01:58:04,24.5,0.5,0,25.6,off,10,10,0,0.0
2018-08-12 01:59:06,24.5,0.5,0,25.67,off,10,11,0,0.0
2018-08-12 02:00:08,24.5,0.5,0,25.73,off,10,11,0,0.0
2018-08-12 02:01:10,24.5,0.5,0,25.78,off,10,11,0,0.0
2018-08-12 02:02:13,24.5,0.5,0,25.83,off,10,11,0,0.0
2018-08-12 02:03:15,24.5,0.5,0,25.86,off,10,11,0,0.0
2018-08-12 02:04:17,24.5,0.5,0,25.91,off,10,11,0,0.0
2018-08-12 02:05:19,24.5,0.5,0,25.93,off,10,11,0,0.0
2018-08-12 02:06:21,24.5,0.5,0,25.94,off,10,11,0,0.0
2018-08-12 02:07:23,24.5,0.5,0,25.98,off,10,11,0,0.0
2018-08-12 02:08:25,24.5,0.5,0,26.02,off,10,11,0,0.0
2018-08-12 02:09:27,24.5,0.5,0,26.0,off,10,10,0,0.0
2018-08-12 02:10:30,24.5,0.5,0,26.02,off,10,11,0,0.0
2018-08-12 02:11:32,24.5,0.5,0,26.04,off,10,11,0,0.0
2018-08-12 02:12:34,24.5,0.5,0,26.06,off,10,11,0,0.0
2018-08-12 02:13:36,24.5,0.5,0,26.1,off,10,11,0,0.0
2018-08-12 02:14:38,24.5,0.5,0,26.13,off,10,11,0,0.0
2018-08-12 02:15:40,24.5,0.5,0,26.11,off,10,11,0,0.0
2018-08-12 02:16:42,24.5,0.5,0,26.16,off,10,11,0,0.0
2018-08-12 02:17:44,24.5,0.5,0,26.15,off,10,11,0,0.0
2018-08-12 02:18:47,24.5,0.5,0,26.21,off,10,11,0,0.0
2018-08-12 02:19:49,24.5,0.5,0,26.23,off,10,11,0,0.0
2018-08-12 02:20:51,24.5,0.5,0,26.22,off,10,11,0,0.0
2018-08-12 02:21:53,24.5,0.5,0,26.22,off,10,11,0,0.0
2018-08-12 02:22:55,24.5,0.5,0,26.24,off,10,11,0,0.0
2018-08-12 02:23:57,24.5,0.5,0,26.26,off,10,11,0,0.0
2018-08-12 02:24:59,24.5,0.5,0,26.26,off,10,11,0,0.0
2018-08-12 02:26:02,24.5,0.5,0,26.28,off,10,11,0,0.0
2018-08-12 02:27:04,24.5,0.5,0,26.28,off,10,10,0,0.0
2018-08-12 02:28:06,24.5,0.5,0,26.27,off,10,11,0,0.0
2018-08-12 02:29:08,24.5,0.5,0,26.3,off,10,11,0,0.0
2018-08-12 02:30:10,24.5,0.5,0,26.31,off,10,11,0,0.0
2018-08-12 02:31:12,24.5,0.5,0,26.3,off,10,11,0,0.0
2018-08-12 02:32:14,24.5,0.5,0,26.32,off,10,11,0,0.0
2018-08-12 02:33:17,24.5,0.5,0,26.35,off,10,11,0,0.0
2018-08-12 02:34:19,24.5,0.5,0,26.35,off,10,10,0,0.0
2018-08-12 02:35:21,24.5,0.5,0,26.32,off,10,11,0,0.0
2018-08-12 02:36:23,24.5,0.5,0,26.36,off,10,11,0,0.0
2018-08-12 02:37:25,24.5,0.5,0,26.36,off,10,11,0,0.0
2018-08-12 02:38:27,24.5,0.5,0,26.38,off,10,11,0,0.0
2018-08-12 02:39:29,24.5,0.5,0,26.39,off,10,11,0,0.0
2018-08-12 02:40:31,24.5,0.5,0,26.4,off,10,11,0,0.0
2018-08-12 02:41:34,24.5,0.5,0,26.39,off,10,11,0,0.0
2018-08-12 02:42:36,24.5,0.5,0,26.42,off,10,11,0,0.0
2018-08-12 02:43:38,24.5,0.5,0,26.44,off,10,11,0,0.0
2018-08-12 02:44:40,24.5,0.5,0,26.42,off,10,11,0,0.0
2018-08-12 02:45:42,24.5,0.5,0,26.44,off,10,11,0,0.0
2018-08-12 02:46:44,24.5,0.5,0,26.47,off,10,11,0,0.0
2018-08-12 02:47:46,24.5,0.5,0,26.47,off,10,11,0,0.0
2018-08-12 02:48:48,24.5,0.5,0,26.5,off,10,11,0,0.0
2018-08-12 02:49:51,24.5,0.5,0,26.49,off,10,11,0,0.0
2018-08-12 02:50:53,24.5,0.5,0,26.47,off,10,11,0,0.0
2018-08-12 02:51:55,24.5,0.5,0,26.5,off,10,11,0,0.0
2018-08-12 02:52:57,24.5,0.5,0,26.5,off,10,11,0,0.0
2018-08-12 02:53:59,24.5,0.5,0,26.5,off,10,11,0,0.0
2018-08-12 02:55:01,24.5,0.5,0,26.53,off,10,10,0,0.0
2018-08-12 02:56:04,24.5,0.5,0,26.54,off,10,10,0,0.0
2018-08-12 02:57:06,24.5,0.5,0,26.53,off,10,11,0,0.0
2018-08-12 02:58:08,24.5,0.5,0,26.53,off,10,11,0,0.0
2018-08-12 02:59:10,24.5,0.5,0,26.54,off,10,11,0,0.0
2018-08-12 03:00:12,24.5,0.5,0,26.53,off,10,11,0,0.0
2018-08-12 03:01:14,24.5,0.5,0,26.53,off,10,11,0,0.0
2018-08-12 03:02:16,24.5,0.5,0,26.52,off,10,11,0,0.0
2018-08-12 03:03:18,24.5,0.5,0,26.53,off,10,11,0,0.0
2018-08-12 03:04:21,24.5,0.5,0,26.52,off,10,11,0,0.0
2018-08-12 03:05:23,24.5,0.5,0,26.55,off,10,11,0,0.0
2018-08-12 03:06:25,24.5,0.5,0,26.53,off,10,11,0,0.0
2018-08-12 03:07:27,24.5,0.5,0,26.52,off,10,11,0,0.0
2018-08-12 03:08:29,24.5,0.5,0,26.53,off,10,11,0,0.0
2018-08-12 03:09:31,24.5,0.5,0,26.5,off,10,11,0,0.0
2018-08-12 03:10:33,24.5,0.5,0,26.5,off,10,11,0,0.0
2018-08-12 03:11:36,24.5,0.5,0,26.51,off,10,11,0,0.0
2018-08-12 03:12:38,24.5,0.5,0,26.51,off,10,11,0,0.0
2018-08-12 03:13:40,24.5,0.5,0,26.53,off,10,11,0,0.0
2018-08-12 03:14:42,24.5,0.5,0,26.51,off,10,11,0,0.0
2018-08-12 03:15:44,24.5,0.5,0,26.53,off,10,11,0,0.0
2018-08-12 03:16:46,24.5,0.5,0,26.51,off,10,11,0,0.0
2018-08-12 03:17:48,24.5,0.5,0,26.52,off,10,11,0,0.0
2018-08-12 03:18:50,24.5,0.5,0,26.53,off,10,11,0,0.0
2018-08-12 03:19:52,24.5,0.5,0,26.52,off,10,11,0,0.0
2018-08-12 03:20:55,24.5,0.5,0,26.54,off,10,11,0,0.0
2018-08-12 03:21:57,24.5,0.5,0,26.55,off,10,11,0,0.0
2018-08-12 03:22:59,24.5,0.5,0,26.55,off,10,11,0,0.0
2018-08-12 03:24:01,24.5,0.5,0,26.55,off,10,11,0,0.0
2018-08-12 03:25:03,24.5,0.5,0,26.55,off,10,11,0,0.0
2018-08-12 03:26:05,24.5,0.5,0,26.56,off,10,11,0,0.0
2018-08-12 03:27:07,24.5,0.5,0,26.55,off,10,11,0,0.0
2018-08-12 03:28:10,24.5,0.5,0,26.56,off,10,10,0,0.0
2018-08-12 03:29:12,24.5,0.5,0,26.56,off,10,11,0,0.0
2018-08-12 03:30:14,24.5,0.5,0,26.58,off,10,11,0,0.0
2018-08-12 03:31:16,24.5,0.5,0,26.6,off,10,11,0,0.0
2018-08-12 03:32:18,24.5,0.5,0,26.59,off,10,11,0,0.0
2018-08-12 03:33:20,24.5,0.5,0,26.61,off,10,11,0,0.0
2018-08-12 03:34:22,24.5,0.5,0,26.61,off,10,11,0,0.0
2018-08-12 03:35:25,24.5,0.5,0,26.61,off,10,11,0,0.0
2018-08-12 03:36:27,24.5,0.5,0,26.61,off,10,11,0,0.0
2018-08-12 03:37:29,24.5,0.5,0,26.63,off,10,11,0,0.0
2018-08-12 03:38:31,24.5,0.5,0,26.61,off,10,11,0,0.0
2018-08-12 03:39:33,24.5,0.5,0,26.64,off,10,11,0,0.0
2018-08-12 03:40:35,24.5,0.5,0,26.64,off,10,11,0,0.0
2018-08-12 03:41:37,24.5,0.5,0,26.65,off,10,11,0,0.0
2018-08-12 03:42:40,24.5,0.5,0,26.66,off,10,11,0,0.0
2018-08-12 03:43:42,24.5,0.5,0,26.66,off,10,11,0,0.0
2018-08-12 03:44:44,24.5,0.5,0,26.67,off,10,11,0,0.0
2018-08-12 03:45:46,24.5,0.5,0,26.67,off,10,11,0,0.0
2018-08-12 03:46:48,24.5,0.5,0,26.71,off,10,11,0,0.0
2018-08-12 03:47:50,24.5,0.5,0,26.7,off,10,11,0,0.0
2018-08-12 03:48:52,24.5,0.5,0,26.69,off,10,11,0,0.0
2018-08-12 03:49:54,24.5,0.5,0,26.69,off,10,11,0,0.0
2018-08-12 03:50:57,24.5,0.5,0,26.67,off,10,11,0,0.0
2018-08-12 03:51:59,24.5,0.5,0,26.69,off,10,11,0,0.0
2018-08-12 03:53:01,24.5,0.5,0,26.71,off,10,11,0,0.0
2018-08-12 03:54:03,24.5,0.5,0,26.73,off,10,11,0,0.0
2018-08-12 03:55:05,24.5,0.5,0,26.72,off,10,11,0,0.0
2018-08-12 03:56:07,24.5,0.5,0,26.74,off,10,11,0,0.0
2018-08-12 03:57:09,24.5,0.5,0,26.74,off,10,11,0,0.0
2018-08-12 03:58:11,24.5,0.5,0,26.78,off,10,11,0,0.0
2018-08-12 03:59:13,24.5,0.5,0,26.81,off,10,10,0,0.0
2018-08-12 04:00:16,24.5,0.5,0,26.8,off,10,11,0,0.0
2018-08-12 04:01:18,24.5,0.5,0,26.81,off,10,11,0,0.0
2018-08-12 04:02:20,24.5,0.5,0,26.82,off,10,11,0,0.0
2018-08-12 04:03:22,24.5,0.5,0,26.84,off,10,11,0,0.0
2018-08-12 04:04:24,24.5,0.5,0,26.87,off,10,11,0,0.0
2018-08-12 04:05:26,24.5,0.5,0,26.88,off,10,11,0,0.0
2018-08-12 04:06:28,24.5,0.5,0,26.89,off,10,10,0,0.0
2018-08-12 04:07:31,24.5,0.5,0,26.91,off,10,10,0,0.0
2018-08-12 04:08:33,24.5,0.5,0,26.93,off,10,11,0,0.0
2018-08-12 04:09:35,24.5,0.5,0,26.93,off,10,11,0,0.0
2018-08-12 04:10:37,24.5,0.5,0,26.95,off,10,11,0,0.0
2018-08-12 04:11:39,24.5,0.5,0,26.96,off,10,11,0,0.0
2018-08-12 04:12:41,24.5,0.5,0,26.96,off,10,11,0,0.0
2018-08-12 04:13:43,24.5,0.5,0,26.98,off,10,11,0,0.0
2018-08-12 04:14:45,24.5,0.5,0,26.98,off,10,10,0,0.0
2018-08-12 04:15:48,24.5,0.5,0,27.0,off,10,11,0,0.0
2018-08-12 04:16:50,24.5,0.5,0,27.0,off,10,10,0,0.0
2018-08-12 04:17:52,24.5,0.5,0,27.0,off,10,11,0,0.0
2018-08-12 04:18:54,24.5,0.5,0,27.02,off,10,11,0,0.0
2018-08-12 04:19:56,24.5,0.5,0,27.01,off,10,11,0,0.0
2018-08-12 04:20:58,24.5,0.5,0,27.0,off,10,11,0,0.0
2018-08-12 04:22:00,24.5,0.5,0,27.01,off,10,11,0,0.0
2018-08-12 04:23:02,24.5,0.5,0,27.02,off,10,11,0,0.0
2018-08-12 04:24:05,24.5,0.5,0,27.01,off,10,11,0,0.0
2018-08-12 04:25:07,24.5,0.5,0,27.02,off,10,11,0,0.0
2018-08-12 04:26:09,24.5,0.5,0,27.03,off,10,11,0,0.0
2018-08-12 04:27:11,24.5,0.5,0,27.03,off,10,11,0,0.0
2018-08-12 04:28:13,24.5,0.5,0,27.04,off,10,11,0,0.0
2018-08-12 04:29:15,24.5,0.5,0,27.03,off,10,11,0,0.0
2018-08-12 04:30:17,24.5,0.5,0,27.02,off,10,11,0,0.0
2018-08-12 04:31:19,24.5,0.5,0,27.03,off,10,11,0,0.0
2018-08-12 04:32:22,24.5,0.5,0,27.04,off,10,11,0,0.0
2018-08-12 04:33:24,24.5,0.5,0,27.05,off,10,11,0,0.0
2018-08-12 04:34:26,24.5,0.5,0,27.04,off,10,11,0,0.0
2018-08-12 04:35:28,24.5,0.5,0,27.05,off,10,11,0,0.0
2018-08-12 04:36:30,24.5,0.5,0,27.05,off,10,11,0,0.0
2018-08-12 04:37:32,24.5,0.5,0,27.09,off,10,10,0,0.0
2018-08-12 04:38:34,24.5,0.5,0,27.06,off,10,11,0,0.0
2018-08-12 04:39:36,24.5,0.5,0,27.08,off,10,11,0,0.0
2018-08-12 04:40:39,24.5,0.5,0,27.06,off,10,11,0,0.0
2018-08-12 04:41:41,24.5,0.5,0,27.09,off,10,10,0,0.0
2018-08-12 04:42:43,24.5,0.5,0,27.09,off,10,11,0,0.0
2018-08-12 04:43:45,24.5,0.5,0,27.12,off,10,11,0,0.0
2018-08-12 04:44:47,24.5,0.5,0,27.1,off,10,10,0,0.0
2018-08-12 04:45:49,24.5,0.5,0,27.13,off,10,11,0,0.0
2018-08-12 04:46:51,24.5,0.5,0,27.14,off,10,11,0,0.0
2018-08-12 04:47:53,24.5,0.5,0,27.13,off,10,11,0,0.0
2018-08-12 04:48:56,24.5,0.5,0,27.14,off,10,11,0,0.0
2018-08-12 04:49:58,24.5,0.5,0,27.14,off,10,10,0,0.0
2018-08-12 04:51:00,24.5,0.5,0,27.16,off,10,11,0,0.0
2018-08-12 04:52:02,24.5,0.5,0,27.14,off,10,11,0,0.0
2018-08-12 04:53:04,24.5,0.5,0,27.17,off,10,11,0,0.0
2018-08-12 04:54:06,24.5,0.5,0,27.19,off,10,11,0,0.0
2018-08-12 04:55:08,24.5,0.5,0,27.2,off,10,11,0,0.0
2018-08-12 04:56:10,24.5,0.5,0,27.19,off,10,10,0,0.0
2018-08-12 04:57:13,24.5,0.5,0,27.21,off,10,11,0,0.0
2018-08-12 04:58:15,24.5,0.5,0,27.23,off,10,11,0,0.0
2018-08-12 04:59:17,24.5,0.5,0,27.24,off,10,11,0,0.0
2018-08-12 05:00:19,24.5,0.5,0,27.24,off,10,11,0,0.0
2018-08-12 05:01:21,24.5,0.5,0,27.25,off,10,11,0,0.0
2018-08-12 05:02:23,24.5,0.5,0,27.24,off,10,11,0,0.0
2018-08-12 05:03:25,24.5,0.5,0,27.26,off,10,10,0,0.0
2018-08-12 05:04:27,24.5,0.5,0,27.27,off,10,11,0,0.0
2018-08-12 05:05:30,24.5,0.5,0,27.28,off,10,11,0,0.0
2018-08-12 05:06:32,24.5,0.5,0,27.28,off,10,11,0,0.0
2018-08-12 05:07:34,24.5,0.5,0,27.29,off,10,11,0,0.0
2018-08-12 05:08:36,24.5,0.5,0,27.3,off,10,11,0,0.0
2018-08-12 05:09:38,24.5,0.5,0,27.25,off,10,11,0,0.0
2018-08-12 05:10:40,24.5,0.5,0,27.27,off,10,11,0,0.0
2018-08-12 05:11:42,24.5,0.5,0,27.26,off,10,11,0,0.0
2018-08-12 05:12:44,24.5,0.5,0,27.25,off,10,11,0,0.0
2018-08-12 05:13:47,24.5,0.5,0,27.24,off,10,11,0,0.0
2018-08-12 05:14:49,24.5,0.5,0,27.24,off,10,11,0,0.0
2018-08-12 05:15:51,24.5,0.5,0,27.23,off,10,11,0,0.0
2018-08-12 05:16:53,24.5,0.5,0,27.24,off,10,11,0,0.0
2018-08-12 05:17:55,24.5,0.5,0,27.23,off,10,11,0,0.0
2018-08-12 05:18:57,24.5,0.5,0,27.21,off,10,11,0,0.0
2018-08-12 05:19:59,24.5,0.5,0,27.21,off,10,11,0,0.0
2018-08-12 05:21:02,24.5,0.5,0,27.23,off,10,11,0,0.0
2018-08-12 05:22:04,24.5,0.5,0,27.21,off,10,11,0,0.0
2018-08-12 05:23:06,24.5,0.5,0,27.25,off,10,10,0,0.0
2018-08-12 05:24:08,24.5,0.5,0,27.25,off,10,11,0,0.0
2018-08-12 05:25:10,24.5,0.5,0,27.25,off,10,11,0,0.0
2018-08-12 05:26:12,24.5,0.5,0,27.25,off,10,11,0,0.0
2018-08-12 05:27:14,24.5,0.5,0,27.24,off,10,10,0,0.0
2018-08-12 05:28:16,24.5,0.5,0,27.24,off,10,11,0,0.0
2018-08-12 05:29:19,24.5,0.5,0,27.24,off,10,11,0,0.0
2018-08-12 05:30:21,24.5,0.5,0,27.24,off,10,11,0,0.0
2018-08-12 05:31:23,24.5,0.5,0,27.21,off,10,11,0,0.0
2018-08-12 05:32:25,24.5,0.5,0,27.17,off,10,11,0,0.0
2018-08-12 05:33:27,24.5,0.5,0,27.14,off,10,11,0,0.0
2018-08-12 05:34:29,24.5,0.5,0,27.12,off,10,11,0,0.0
2018-08-12 05:35:31,24.5,0.5,0,27.1,off,10,11,0,0.0
2018-08-12 05:36:34,24.5,0.5,0,27.08,off,10,11,0,0.0
2018-08-12 05:37:36,24.5,0.5,0,27.05,off,10,10,0,0.0
2018-08-12 05:38:38,24.5,0.5,0,27.04,off,10,11,0,0.0
2018-08-12 05:39:40,24.5,0.5,0,27.04,off,10,11,0,0.0
2018-08-12 05:40:42,24.5,0.5,0,27.0,off,10,11,0,0.0
2018-08-12 05:41:44,24.5,0.5,0,27.02,off,10,11,0,0.0
2018-08-12 05:42:46,24.5,0.5,0,27.03,off,10,11,0,0.0
2018-08-12 05:43:48,24.5,0.5,0,27.04,off,10,10,0,0.0
2018-08-12 05:44:51,24.5,0.5,0,27.04,off,10,11,0,0.0
2018-08-12 05:45:53,24.5,0.5,0,27.05,off,10,11,0,0.0
2018-08-12 05:46:55,24.5,0.5,0,27.06,off,10,11,0,0.0
2018-08-12 05:47:57,24.5,0.5,0,27.06,off,10,11,0,0.0
2018-08-12 05:48:59,24.5,0.5,0,27.04,off,10,11,0,0.0
2018-08-12 05:50:01,24.5,0.5,0,27.04,off,10,11,0,0.0
2018-08-12 05:51:03,24.5,0.5,0,27.01,on,10,11,0,32.76
2018-08-12 05:52:06,24.5,0.5,0,26.95,on,81,11,46,45.0
2018-08-12 05:53:08,24.5,0.5,0,26.89,on,86,47,49,45.0
2018-08-12 05:54:10,24.5,0.5,0,26.88,on,92,89,50,45.0
2018-08-12 05:55:12,24.5,0.5,0,26.78,on,95,95,50,45.0
2018-08-12 05:56:14,24.5,0.5,0,26.64,on,95,98,50,45.0
2018-08-12 05:57:16,24.5,0.5,0,26.5,on,95,98,50,45.0
2018-08-12 05:58:18,24.5,0.5,0,26.36,on,95,98,50,45.0
2018-08-12 05:59:20,24.5,0.5,0,26.2,on,95,98,50,45.0
2018-08-12 06:00:23,24.5,0.5,0,26.04,on,95,98,50,45.0
2018-08-12 06:01:25,24.5,0.5,0,25.89,on,95,98,50,45.0
2018-08-12 06:02:27,24.5,0.5,0,25.73,on,95,98,50,45.0
2018-08-12 06:03:29,24.5,0.5,0,25.64,on,95,98,50,45.0
2018-08-12 06:04:31,24.5,0.5,0,25.56,on,95,98,50,45.0
2018-08-12 06:05:33,24.5,0.5,0,25.46,on,95,98,50,45.0
2018-08-12 06:06:36,24.5,0.5,0,25.38,on,95,98,50,45.0
2018-08-12 06:07:38,24.5,0.5,0,25.3,on,95,98,50,45.0
2018-08-12 06:08:40,24.5,0.5,0,25.18,on,95,98,50,45.0
2018-08-12 06:09:42,24.5,0.5,0,25.12,on,95,98,50,45.0
2018-08-12 06:10:44,24.5,0.5,0,25.04,on,95,98,50,45.0
2018-08-12 06:11:46,24.5,0.5,0,25.04,on,95,98,50,45.0
2018-08-12 06:12:49,24.5,0.5,0,25.01,on,95,98,50,45.0
2018-08-12 06:13:51,24.5,0.5,0,24.94,on,95,98,50,45.0
2018-08-12 06:14:53,24.5,0.5,0,24.92,on,95,98,50,45.0
2018-08-12 06:15:55,24.5,0.5,0,24.88,on,95,98,50,45.0
2018-08-12 06:16:57,24.5,0.5,0,24.86,on,95,98,50,45.0
2018-08-12 06:17:59,24.5,0.5,0,24.82,on,95,98,50,45.0
2018-08-12 06:19:01,24.5,0.5,0,24.79,on,95,98,50,45.0
2018-08-12 06:20:04,24.5,0.5,0,24.81,on,95,98,50,45.0
2018-08-12 06:21:06,24.5,0.5,0,24.78,on,95,98,50,45.0
2018-08-12 06:22:08,24.5,0.5,0,24.73,on,95,98,50,45.0
2018-08-12 06:23:10,24.5,0.5,0,24.75,on,95,98,50,45.0
2018-08-12 06:24:12,24.5,0.5,0,24.71,on,95,98,50,45.0
2018-08-12 06:25:14,24.5,0.5,0,24.71,on,95,98,50,45.0
2018-08-12 06:26:17,24.5,0.5,0,24.62,on,95,98,50,45.0
2018-08-12 06:27:19,24.5,0.5,0,24.52,on,95,98,50,45.0
2018-08-12 06:28:21,24.5,0.5,0,24.5,on,95,98,50,45.0
2018-08-12 06:29:23,24.5,0.5,0,24.51,on,95,98,50,45.0
2018-08-12 06:30:25,24.5,0.5,0,24.53,on,95,98,50,45.0
2018-08-12 06:31:27,24.5,0.5,0,24.51,on,95,98,50,45.0
2018-08-12 06:32:30,24.5,0.5,0,24.51,on,95,98,50,45.0
2018-08-12 06:33:32,24.5,0.5,0,24.48,on,95,98,50,45.0
2018-08-12 06:34:34,24.5,0.5,0,24.49,on,95,98,50,45.0
2018-08-12 06:35:36,24.5,0.5,0,24.47,on,95,98,50,45.0
2018-08-12 06:36:38,24.5,0.5,0,24.45,on,95,98,50,45.0
2018-08-12 06:37:40,24.5,0.5,0,24.48,on,95,98,50,45.0
2018-08-12 06:38:42,24.5,0.5,0,24.5,on,95,98,50,45.0
2018-08-12 06:39:45,24.5,0.5,0,24.53,off,10,98,0,0.0
2018-08-12 06:40:47,24.5,0.5,0,24.56,off,10,98,0,0.0
2018-08-12 06:41:49,24.5,0.5,0,24.64,off,10,38,0,0.0
2018-08-12 06:42:51,24.5,0.5,0,24.75,off,10,11,0,0.0
2018-08-12 06:43:53,24.5,0.5,0,25.02,off,10,10,0,0.0
2018-08-12 06:44:55,24.5,0.5,0,25.17,off,10,11,0,0.0
2018-08-12 06:45:57,24.5,0.5,0,25.28,off,10,10,0,0.0
2018-08-12 06:46:59,24.5,0.5,0,25.41,off,10,11,0,0.0
2018-08-12 06:48:02,24.5,0.5,0,25.51,off,10,11,0,0.0
2018-08-12 06:49:04,24.5,0.5,0,25.6,off,10,11,0,0.0
2018-08-12 06:50:06,24.5,0.5,0,25.68,off,10,11,0,0.0
2018-08-12 06:51:08,24.5,0.5,0,25.79,off,10,11,0,0.0
2018-08-12 06:52:10,24.5,0.5,0,25.84,off,10,11,0,0.0
2018-08-12 06:53:12,24.5,0.5,0,25.91,off,10,11,0,0.0
2018-08-12 06:54:14,24.5,0.5,0,25.98,off,10,11,0,0.0
2018-08-12 06:55:16,24.5,0.5,0,26.05,off,10,11,0,0.0
2018-08-12 06:56:19,24.5,0.5,0,26.08,off,10,11,0,0.0
2018-08-12 06:57:21,24.5,0.5,0,26.14,off,10,11,0,0.0
2018-08-12 06:58:23,24.5,0.5,0,26.16,off,10,11,0,0.0
2018-08-12 06:59:25,24.5,0.5,0,26.19,off,10,11,0,0.0
2018-08-12 07:00:27,24.5,0.5,0,26.26,off,10,11,0,0.0
2018-08-12 07:01:29,24.5,0.5,0,26.29,off,10,11,0,0.0
2018-08-12 07:02:31,24.5,0.5,0,26.3,off,10,11,0,0.0
2018-08-12 07:03:33,24.5,0.5,0,26.34,off,10,11,0,0.0
2018-08-12 07:04:36,24.5,0.5,0,26.37,off,10,11,0,0.0
2018-08-12 07:05:38,24.5,0.5,0,26.4,off,10,11,0,0.0
2018-08-12 07:06:40,24.5,0.5,0,26.41,off,10,11,0,0.0
2018-08-12 07:07:42,24.5,0.5,0,26.42,off,10,10,0,0.0
2018-08-12 07:08:44,24.5,0.5,0,26.45,off,10,11,0,0.0
2018-08-12 07:09:46,24.5,0.5,0,26.46,off,10,11,0,0.0
2018-08-12 07:10:48,24.5,0.5,0,26.47,off,10,11,0,0.0
2018-08-12 07:11:50,24.5,0.5,0,26.5,off,10,11,0,0.0
2018-08-12 07:12:53,24.5,0.5,0,26.52,off,10,11,0,0.0
2018-08-12 07:13:55,24.5,0.5,0,26.53,off,10,11,0,0.0
2018-08-12 07:14:57,24.5,0.5,0,26.54,off,10,10,0,0.0
2018-08-12 07:15:59,24.5,0.5,0,26.58,off,10,11,0,0.0
2018-08-12 07:17:01,24.5,0.5,0,26.59,off,10,11,0,0.0
2018-08-12 07:18:03,24.5,0.5,0,26.61,off,10,11,0,0.0
2018-08-12 07:19:05,24.5,0.5,0,26.61,off,10,11,0,0.0
2018-08-12 07:20:08,24.5,0.5,0,26.61,off,10,11,0,0.0
2018-08-12 07:21:10,24.5,0.5,0,26.61,off,10,11,0,0.0
2018-08-12 07:22:12,24.5,0.5,0,26.64,off,10,11,0,0.0
2018-08-12 07:23:14,24.5,0.5,0,26.65,off,10,11,0,0.0
2018-08-12 07:24:16,24.5,0.5,0,26.64,off,10,11,0,0.0
2018-08-12 07:25:18,24.5,0.5,0,26.67,off,10,10,0,0.0
2018-08-12 07:26:20,24.5,0.5,0,26.67,off,10,11,0,0.0
2018-08-12 07:27:23,24.5,0.5,0,26.68,off,10,10,0,0.0
2018-08-12 07:28:25,24.5,0.5,0,26.69,off,10,10,0,0.0
2018-08-12 07:29:27,24.5,0.5,0,26.7,off,10,11,0,0.0
2018-08-12 07:30:29,24.5,0.5,0,26.74,off,10,11,0,0.0
2018-08-12 07:31:31,24.5,0.5,0,26.74,off,10,11,0,0.0
2018-08-12 07:32:33,24.5,0.5,0,26.76,off,10,10,0,0.0
2018-08-12 07:33:35,24.5,0.5,0,26.75,off,10,11,0,0.0
2018-08-12 07:34:37,24.5,0.5,0,26.75,off,10,11,0,0.0
2018-08-12 07:35:40,24.5,0.5,1,-2.03,off,10,11,0,0.0
2018-08-12 07:36:42,24.5,0.5,2,26.86,off,10,11,0,0.0
2018-08-12 07:37:44,24.5,0.5,3,26.87,off,10,10,0,0.0
2018-08-12 07:38:46,24.5,0.5,4,26.89,off,10,10,0,0.0
2018-08-12 07:39:48,24.5,0.5,5,26.91,off,10,10,0,0.0
2018-08-12 07:40:50,24.5,0.5,6,26.92,off,10,11,0,0.0
2018-08-12 07:41:52,24.5,0.5,7,26.94,off,10,11,0,0.0
2018-08-12 07:42:55,24.5,0.5,8,26.96,off,10,11,0,0.0
2018-08-12 07:43:57,24.5,0.5,9,26.97,off,10,11,0,0.0
2018-08-12 07:44:59,24.5,0.5,10,26.99,off,10,11,0,0.0
2018-08-12 07:46:01,24.5,0.5,11,27.01,off,10,11,0,0.0
2018-08-12 07:47:03,24.5,0.5,12,27.02,off,10,11,0,0.0
2018-08-12 07:48:05,24.5,0.5,13,27.04,off,10,11,0,0.0
2018-08-12 07:49:07,24.5,0.5,14,27.05,off,10,11,0,0.0
2018-08-12 07:50:09,24.5,0.5,15,,off,10,11,0,0.0
2018-08-12 07:51:12,24.5,0.5,16,,off,10,11,0,0.0
2018-08-12 07:52:14,24.5,0.5,1,,off,10,11,0,0.0
2018-08-12 07:53:16,24.5,0.5,2,,off,10,11,0,0.0
2018-08-12 07:54:18,24.5,0.5,3,,off,10,11,0,0.0
2018-08-12 07:55:20,24.5,0.5,4,,off,10,11,0,0.0
2018-08-12 07:56:22,24.5,0.5,5,,off,10,11,0,0.0
2018-08-12 07:57:24,24.5,0.5,6,,off,10,11,0,0.0
2018-08-12 07:58:26,24.5,0.5,7,,on,10,11,0,12.57
2018-08-12 07:59:28,24.5,0.5,8,,on,10,11,0,12.57
2018-08-12 08:00:30,24.5,0.5,9,,on,10,11,0,45.0
2018-08-12 08:01:32,24.5,0.5,10,,on,10,11,0,45.0
2018-08-12 08:02:35,24.5,0.5,11,,on,10,11,0,45.0
2018-08-12 08:03:37,24.5,0.5,12,,on,10,10,0,45.0
2018-08-12 08:04:39,24.5,0.5,13,,on,10,11,0,45.0
2018-08-12 08:05:41,24.5,0.5,14,,on,10,11,0,45.0
2018-08-12 08:06:43,24.5,0.5,15,,on,10,11,0,45.0
2018-08-12 08:07:45,24.5,0.5,16,,on,10,11,0,45.0
2018-08-12 08:08:47,24.5,0.5,1,,on,10,11,0,45.0
2018-08-12 08:09:49,24.5,0.5,2,,on,10,11,0,45.0
2018-08-12 08:10:51,24.5,0.5,3,,on,10,11,0,45.0
2018-08-12 08:11:53,24.5,0.5,4,,on,10,11,0,45.0
2018-08-12 08:12:56,24.5,0.5,5,,on,10,11,0,45.0
2018-08-12 08:13:58,24.5,0.5,6,,on,10,11,0,45.0
2018-08-12 08:15:00,24.5,0.5,7,,on,10,11,0,45.0
2018-08-12 08:16:02,24.5,0.5,8,,on,10,11,0,45.0
2018-08-12 08:17:04,24.5,0.5,9,,on,10,11,0,45.0
2018-08-12 08:18:06,24.5,0.5,10,,on,10,11,0,45.0
2018-08-12 08:19:08,24.5,0.5,11,,on,10,11,0,45.0
2018-08-12 08:20:10,24.5,0.5,12,,on,10,11,0,45.0
2018-08-12 08:21:12,24.5,0.5,13,,on,10,11,0,45.0
2018-08-12 08:22:14,24.5,0.5,14,,on,10,11,0,45.0
2018-08-12 08:23:16,24.5,0.5,15,,on,10,11,0,45.0
2018-08-12 08:24:19,24.5,0.5,16,,on,10,11,0,45.0
2018-08-12 08:25:21,24.5,0.5,1,,on,10,11,0,45.0
2018-08-12 08:26:23,24.5,0.5,2,,on,10,11,0,45.0
2018-08-12 08:27:25,24.5,0.5,3,,on,10,11,0,45.0
2018-08-12 08:28:27,24.5,0.5,4,,on,10,11,0,45.0
2018-08-12 08:29:29,24.5,0.5,5,,on,10,11,0,45.0
2018-08-12 08:30:31,24.5,0.5,6,,on,10,11,0,45.0
2018-08-12 08:31:33,24.5,0.5,7,,on,10,11,0,45.0
2018-08-12 08:32:35,24.5,0.5,8,,on,10,11,0,45.0
2018-08-12 08:33:37,24.5,0.5,9,,on,10,11,0,45.0
2018-08-12 08:34:40,24.5,0.5,10,,on,10,11,0,45.0
2018-08-12 08:35:42,24.5,0.5,11,,on,10,11,0,45.0
2018-08-12 08:36:44,24.5,0.5,12,,on,10,11,0,45.0
2018-08-12 08:37:46,24.5,0.5,13,,on,10,11,0,45.0
2018-08-12 08:38:48,24.5,0.5,14,,on,10,11,0,45.0
2018-08-12 08:39:50,24.5,0.5,15,,on,10,11,0,45.0
2018-08-12 08:40:52,24.5,0.5,16,,on,10,11,0,45.0
2018-08-12 08:41:54,24.5,0.5,1,,on,10,11,0,45.0
2018-08-12 08:42:56,24.5,0.5,2,,on,10,11,0,45.0
2018-08-12 08:43:58,24.5,0.5,3,,on,10,11,0,45.0
2018-08-12 08:45:00,24.5,0.5,4,,on,10,11,0,45.0
2018-08-12 08:46:03,24.5,0.5,5,,on,10,11,0,45.0
2018-08-12 08:47:05,24.5,0.5,6,,on,10,11,0,45.0
2018-08-12 08:48:07,24.5,0.5,7,,on,10,11,0,45.0
2018-08-12 08:49:09,24.5,0.5,8,,on,10,11,0,45.0
2018-08-12 08:50:11,24.5,0.5,9,,on,10,11,0,45.0
2018-08-12 08:51:13,24.5,0.5,10,,on,10,11,0,45.0
2018-08-12 08:52:15,24.5,0.5,11,,on,10,11,0,45.0
2018-08-12 08:53:17,24.5,0.5,12,,on,10,11,0,45.0
2018-08-12 08:54:19,24.5,0.5,13,,on,10,11,0,45.0
2018-08-12 08:55:21,24.5,0.5,14,,on,10,11,0,45.0
2018-08-12 08:56:23,24.5,0.5,15,,on,10,11,0,45.0
2018-08-12 08:57:26,24.5,0.5,16,,on,10,11,0,45.0
2018-08-12 08:58:28,24.5,0.5,1,,on,10,11,0,45.0
2018-08-12 08:59:30,24.5,0.5,2,,on,10,11,0,45.0
2018-08-12 09:00:32,24.5,0.5,3,,on,10,11,0,45.0
2018-08-12 09:01:34,24.5,0.5,4,,on,10,11,0,45.0
2018-08-12 09:02:36,24.5,0.5,5,,on,10,11,0,45.0
2018-08-12 09:03:38,24.5,0.5,6,,on,10,11,0,45.0
2018-08-12 09:04:40,24.5,0.5,7,,on,10,11,0,45.0
2018-08-12 09:05:42,24.5,0.5,8,,on,10,11,0,45.0
2018-08-12 09:06:45,24.5,0.5,9,,on,10,11,0,45.0
2018-08-12 09:07:47,24.5,0.5,10,,on,10,11,0,45.0
2018-08-12 09:08:49,24.5,0.5,11,,on,10,11,0,45.0
2018-08-12 09:09:51,24.5,0.5,12,,on,10,11,0,45.0
2018-08-12 09:10:53,24.5,0.5,13,,on,10,11,0,45.0
2018-08-12 09:11:55,24.5,0.5,14,,on,10,11,0,45.0
2018-08-12 09:12:57,24.5,0.5,15,,on,10,11,0,45.0
2018-08-12 09:13:59,24.5,0.5,16,,on,10,11,0,45.0
2018-08-12 09:15:01,24.5,0.5,1,,on,10,11,0,45.0
2018-08-12 09:16:04,24.5,0.5,2,,on,10,11,0,45.0
2018-08-12 09:17:06,24.5,0.5,3,,on,10,11,0,45.0
2018-08-12 09:18:08,24.5,0.5,4,,on,10,11,0,45.0
2018-08-12 09:19:10,24.5,0.5,5,,on,10,11,0,45.0
2018-08-12 09:20:12,24.5,0.5,6,,on,10,11,0,45.0
2018-08-12 09:21:14,24.5,0.5,7,,on,10,11,0,45.0
2018-08-12 09:22:16,24.5,0.5,8,,on,10,11,0,45.0
2018-08-12 09:23:18,24.5,0.5,9,,on,10,11,0,45.0
2018-08-12 09:24:20,24.5,0.5,10,,on,10,11,0,45.0
2018-08-12 09:25:22,24.5,0.5,11,,on,10,11,0,45.0
2018-08-12 09:26:24,24.5,0.5,12,,on,10,11,0,45.0
2018-08-12 09:27:27,24.5,0.5,13,,on,10,11,0,45.0
2018-08-12 09:28:29,24.5,0.5,14,,on,10,11,0,45.0
2018-08-12 09:29:31,24.5,0.5,15,,on,10,11,0,45.0
2018-08-12 09:30:33,24.5,0.5,16,,on,10,11,0,45.0
2018-08-12 09:31:35,24.5,0.5,1,,on,10,11,0,45.0
2018-08-12 09:32:37,24.5,0.5,2,,on,10,11,0,45.0
2018-08-12 09:33:39,24.5,0.5,3,,on,10,11,0,45.0
2018-08-12 09:34:41,24.5,0.5,4,,on,10,11,0,45.0
2018-08-12 09:35:43,24.5,0.5,5,,on,10,11,0,45.0
2018-08-12 09:36:46,24.5,0.5,6,,on,10,11,0,45.0
2018-08-12 09:37:48,24.5,0.5,7,,on,10,11,0,45.0
2018-08-12 09:38:50,24.5,0.5,8,,on,10,11,0,45.0
2018-08-12 09:39:52,24.5,0.5,9,,on,10,11,0,45.0
2018-08-12 09:40:54,24.5,0.5,10,,on,10,11,0,45.0
2018-08-12 09:41:56,24.5,0.5,11,,on,10,11,0,45.0
2018-08-12 09:42:58,24.5,0.5,12,,on,10,11,0,45.0
2018-08-12 09:44:00,24.5,0.5,13,,on,10,11,0,45.0
2018-08-12 09:45:02,24.5,0.5,14,,on,10,11,0,45.0
2018-08-12 09:46:04,24.5,0.5,15,,on,10,11,0,45.0
2018-08-12 09:47:06,24.5,0.5,16,,on,10,11,0,45.0
2018-08-12 09:48:09,24.5,0.5,1,,on,10,11,0,45.0
2018-08-12 09:49:11,24.5,0.5,2,,on,10,11,0,45.0
2018-08-12 09:50:13,24.5,0.5,3,,on,10,11,0,45.0
2018-08-12 09:51:15,24.5,0.5,4,,on,10,11,0,45.0
2018-08-12 09:52:17,24.5,0.5,5,,on,10,11,0,45.0
2018-08-12 09:53:19,24.5,0.5,6,,on,10,11,0,45.0
2018-08-12 09:54:21,24.5,0.5,7,,on,10,11,0,45.0
2018-08-12 09:55:23,24.5,0.5,8,,on,10,11,0,45.0
2018-08-12 09:56:25,24.5,0.5,9,,on,10,11,0,45.0
2018-08-12 09:57:27,24.5,0.5,10,,on,10,11,0,45.0
2018-08-12 09:58:30,24.5,0.5,11,,on,10,11,0,45.0
2018-08-12 09:59:32,24.5,0.5,12,,on,10,11,0,45.0
2018-08-12 10:00:34,24.5,0.5,13,,on,10,11,0,45.0
2018-08-12 10:01:36,24.5,0.5,14,,on,10,11,0,45.0
2018-08-12 10:02:38,24.5,0.5,15,,on,10,11,0,45.0
2018-08-12 10:03:40,24.5,0.5,16,,on,10,11,0,45.0
2018-08-12 10:04:42,24.5,0.5,1,,on,10,11,0,45.0
2018-08-12 10:05:44,24.5,0.5,2,,on,10,11,0,45.0
2018-08-12 10:06:46,24.5,0.5,3,,on,10,11,0,45.0
2018-08-12 10:07:48,24.5,0.5,4,,on,10,11,0,45.0
2018-08-12 10:08:51,24.5,0.5,5,,on,10,11,0,45.0
2018-08-12 10:09:53,24.5,0.5,6,,on,10,11,0,45.0
2018-08-12 10:10:55,24.5,0.5,7,,on,10,11,0,45.0
2018-08-12 10:11:57,24.5,0.5,8,,on,10,11,0,45.0
2018-08-12 10:12:59,24.5,0.5,9,,on,10,11,0,45.0
2018-08-12 10:14:01,24.5,0.5,10,,on,10,11,0,45.0
2018-08-12 10:15:03,24.5,0.5,11,,on,10,11,0,45.0
2018-08-12 10:16:05,24.5,0.5,12,,on,10,11,0,45.0
2018-08-12 10:17:07,24.5,0.5,13,,on,10,11,0,45.0
2018-08-12 10:18:09,24.5,0.5,14,,on,10,11,0,45.0
2018-08-12 10:19:12,24.5,0.5,15,,on,10,11,0,45.0
2018-08-12 10:20:14,24.5,0.5,16,,on,10,11,0,45.0
2018-08-12 10:21:16,24.5,0.5,1,,on,10,11,0,45.0
2018-08-12 10:22:18,24.5,0.5,2,,on,10,11,0,45.0
2018-08-12 10:23:20,24.5,0.5,3,,on,10,11,0,45.0
2018-08-12 10:24:22,24.5,0.5,4,,on,10,11,0,45.0
2018-08-12 10:25:24,24.5,0.5,5,,on,10,11,0,45.0
2018-08-12 10:26:26,24.5,0.5,6,,on,10,11,0,45.0
2018-08-12 10:27:28,24.5,0.5,7,,on,10,11,0,45.0
2018-08-12 10:28:30,24.5,0.5,8,,on,10,11,0,45.0
2018-08-12 10:29:33,24.5,0.5,9,,on,10,11,0,45.0
2018-08-12 10:30:35,24.5,0.5,10,,on,10,11,0,45.0
2018-08-12 10:31:37,24.5,0.5,11,,on,10,11,0,45.0
2018-08-12 10:32:39,24.5,0.5,12,,on,10,11,0,45.0
2018-08-12 10:33:41,24.5,0.5,13,,on,10,11,0,45.0
2018-08-12 10:34:43,24.5,0.5,14,,on,10,11,0,45.0
2018-08-12 10:35:45,24.5,0.5,15,,on,10,11,0,45.0
2018-08-12 10:36:47,24.5,0.5,16,,on,10,11,0,45.0
2018-08-12 10:37:49,24.5,0.5,1,,on,10,11,0,45.0
2018-08-12 10:38:51,24.5,0.5,2,,on,10,11,0,45.0
2018-08-12 10:39:54,24.5,0.5,3,,on,10,11,0,45.0
2018-08-12 10:40:56,24.5,0.5,4,,on,10,11,0,45.0
2018-08-12 10:41:58,24.5,0.5,5,,on,10,11,0,45.0
2018-08-12 10:43:00,24.5,0.5,6,,on,10,11,0,45.0
2018-08-12 10:44:02,24.5,0.5,7,,on,10,11,0,45.0
2018-08-12 10:45:04,24.5,0.5,8,,on,10,11,0,45.0
2018-08-12 10:46:06,24.5,0.5,9,,on,10,11,0,45.0
2018-08-12 10:47:08,24.5,0.5,10,,on,10,11,0,45.0
2018-08-12 10:48:10,24.5,0.5,11,,on,10,11,0,45.0
2018-08-12 10:49:12,24.5,0.5,12,,on,10,11,0,45.0
2018-08-12 10:50:15,24.5,0.5,13,,on,10,11,0,45.0
2018-08-12 10:51:17,24.5,0.5,14,,on,10,11,0,45.0
2018-08-12 10:52:19,24.5,0.5,15,,on,10,11,0,45.0
2018-08-12 10:53:21,24.5,0.5,16,,on,10,11,0,45.0
2018-08-12 10:54:23,24.5,0.5,1,,on,10,11,0,45.0
2018-08-12 10:55:25,24.5,0.5,2,,on,10,11,0,45.0
2018-08-12 10:56:27,24.5,0.5,3,,on,10,11,0,45.0
2018-08-12 10:57:29,24.5,0.5,4,,on,10,11,0,45.0
2018-08-12 10:58:31,24.5,0.5,5,,on,10,11,0,45.0
2018-08-12 10:59:33,24.5,0.5,6,,on,10,11,0,45.0
2018-08-12 11:00:36,24.5,0.5,7,,on,10,11,0,45.0
2018-08-12 11:01:38,24.5,0.5,8,,on,10,11,0,45.0
2018-08-12 11:02:40,24.5,0.5,9,,on,10,11,0,45.0
2018-08-12 11:03:42,24.5,0.5,10,,on,10,11,0,45.0
2018-08-12 11:04:44,24.5,0.5,11,,on,10,11,0,45.0
2018-08-12 11:05:46,24.5,0.5,12,,on,10,11,0,45.0
2018-08-12 11:06:48,24.5,0.5,13,,on,10,11,0,45.0
2018-08-12 11:07:50,24.5,0.5,14,,on,10,11,0,45.0
2018-08-12 11:08:52,24.5,0.5,15,,on,10,11,0,45.0
2018-08-12 11:09:54,24.5,0.5,16,,on,10,11,0,45.0
2018-08-12 11:10:57,24.5,0.5,1,,on,10,11,0,45.0
2018-08-12 11:11:59,24.5,0.5,2,,on,10,11,0,45.0
2018-08-12 11:13:01,24.5,0.5,3,,on,10,11,0,45.0
2018-08-12 11:14:03,24.5,0.5,4,,on,10,11,0,45.0
2018-08-12 11:15:05,24.5,0.5,5,,on,10,11,0,45.0
2018-08-12 11:16:07,24.5,0.5,6,,on,10,11,0,45.0
2018-08-12 11:17:09,24.5,0.5,7,,on,10,11,0,45.0
2018-08-12 11:18:11,24.5,0.5,8,,on,10,11,0,45.0
2018-08-12 11:19:13,24.5,0.5,9,,on,10,11,0,45.0
2018-08-12 11:20:15,24.5,0.5,10,,on,10,11,0,45.0
2018-08-12 11:21:18,24.5,0.5,11,,on,10,11,0,45.0
2018-08-12 11:22:20,24.5,0.5,12,,on,10,11,0,45.0
2018-08-12 11:23:22,24.5,0.5,13,,on,10,11,0,45.0
2018-08-12 11:24:24,24.5,0.5,14,,on,10,11,0,45.0
2018-08-12 11:25:26,24.5,0.5,15,,on,10,11,0,45.0
2018-08-12 11:26:28,24.5,0.5,16,,on,10,11,0,45.0
2018-08-12 11:27:30,24.5,0.5,1,,on,10,11,0,45.0
2018-08-12 11:28:32,24.5,0.5,2,,on,10,11,0,45.0
2018-08-12 11:29:34,24.5,0.5,3,,on,10,11,0,45.0
2018-08-12 11:30:37,24.5,0.5,4,,on,10,11,0,45.0
2018-08-12 11:31:39,24.5,0.5,5,,on,10,11,0,45.0
2018-08-12 11:32:41,24.5,0.5,6,,on,10,11,0,45.0
2018-08-12 11:33:43,24.5,0.5,7,,on,10,11,0,45.0
2018-08-12 11:34:45,24.5,0.5,8,,on,10,11,0,45.0
2018-08-12 11:35:47,24.5,0.5,9,,on,10,11,0,45.0
2018-08-12 11:36:49,24.5,0.5,10,,on,10,11,0,45.0
2018-08-12 11:37:51,24.5,0.5,11,,on,10,11,0,45.0
2018-08-12 11:38:53,24.5,0.5,12,,on,10,11,0,45.0
2018-08-12 11:39:55,24.5,0.5,13,,on,10,11,0,45.0
2018-08-12 11:40:58,24.5,0.5,14,,on,10,11,0,45.0
2018-08-12 11:42:00,24.5,0.5,15,,on,10,11,0,45.0
2018-08-12 11:43:02,24.5,0.5,16,,on,10,11,0,45.0
2018-08-12 11:44:04,24.5,0.5,1,,on,10,11,0,45.0
2018-08-12 11:45:06,24.5,0.5,2,,on,10,11,0,45.0
2018-08-12 11:46:08,24.5,0.5,3,,on,10,11,0,45.0
2018-08-12 11:47:10,24.5,0.5,4,,on,10,11,0,45.0
2018-08-12 11:48:13,24.5,0.5,5,,on,10,11,0,45.0
2018-08-12 11:49:15,24.5,0.5,6,,on,10,11,0,45.0
2018-08-12 11:50:17,24.5,0.5,7,,on,10,11,0,45.0
2018-08-12 11:51:19,24.5,0.5,8,,on,10,11,0,45.0
2018-08-12 11:52:21,24.5,0.5,9,,on,10,11,0,45.0
2018-08-12 11:53:23,24.5,0.5,10,,on,10,11,0,45.0
2018-08-12 11:54:25,24.5,0.5,0,27.98,on,10,10,0,45.0
2018-08-12 11:55:27,24.5,0.5,0,27.86,on,89,11,48,45.0
2018-08-12 11:56:29,24.5,0.5,0,27.86,on,95,11,50,45.0
2018-08-12 11:57:32,24.5,0.5,0,27.76,on,95,98,50,45.0
2018-08-12 11:58:34,24.5,0.5,0,27.65,on,95,98,50,45.0
2018-08-12 11:59:36,24.5,0.5,1,,on,95,98,50,45.0
2018-08-12 12:00:38,24.5,0.5,0,27.53,on,95,98,50,45.0
2018-08-12 12:01:40,24.5,0.5,0,27.34,on,84,98,47,45.0
2018-08-12 12:02:42,24.5,0.5,0,27.19,on,90,87,50,45.0
2018-08-12 12:03:44,24.5,0.5,0,27.08,on,95,93,50,45.0
2018-08-12 12:04:46,24.5,0.5,0,26.98,on,95,98,50,45.0
2018-08-12 12:05:49,24.5,0.5,0,26.84,on,95,98,50,45.0
2018-08-12 12:06:51,24.5,0.5,0,26.72,on,95,98,50,45.0
2018-08-12 12:07:53,24.5,0.5,0,26.64,on,95,98,50,45.0
2018-08-12 12:08:55,24.5,0.5,0,26.57,on,95,98,50,45.0
2018-08-12 12:09:57,24.5,0.5,0,26.5,on,95,98,50,45.0
2018-08-12 12:10:59,24.5,0.5,0,26.43,on,95,98,50,45.0
2018-08-12 12:12:01,24.5,0.5,0,26.37,on,95,98,50,45.0
2018-08-12 12:13:04,24.5,0.5,0,26.35,on,95,98,50,45.0
2018-08-12 12:14:06,24.5,0.5,0,26.3,on,95,98,50,45.0
2018-08-12 12:15:08,24.5,0.5,0,26.25,on,95,98,50,45.0
2018-08-12 12:16:10,24.5,0.5,0,26.19,on,95,98,50,45.0
2018-08-12 12:17:12,24.5,0.5,0,26.16,on,95,98,50,45.0
2018-08-12 12:18:14,24.5,0.5,0,26.11,on,95,98,50,45.0
2018-08-12 12:19:16,24.5,0.5,0,26.06,on,95,98,50,45.0
2018-08-12 12:20:18,24.5,0.5,0,26.04,on,95,98,50,45.0
2018-08-12 12:21:21,24.5,0.5,0,26.02,on,95,98,50,45.0
2018-08-12 12:22:23,24.5,0.5,0,25.98,on,95,98,50,45.0
2018-08-12 12:23:25,24.5,0.5,0,25.97,on,95,98,50,45.0
2018-08-12 12:24:27,24.5,0.5,0,25.9,on,95,98,50,45.0
2018-08-12 12:25:29,24.5,0.5,0,25.9,on,95,98,50,45.0
2018-08-12 12:26:31,24.5,0.5,0,25.89,on,95,98,50,45.0
2018-08-12 12:27:34,24.5,0.5,0,25.87,on,95,98,50,45.0
2018-08-12 12:28:36,24.5,0.5,0,25.89,on,95,98,50,45.0
2018-08-12 12:29:38,24.5,0.5,0,25.87,on,95,98,50,45.0
2018-08-12 12:30:40,24.5,0.5,0,25.85,on,95,98,50,45.0
2018-08-12 12:31:42,24.5,0.5,0,25.85,on,95,98,50,45.0
2018-08-12 12:32:44,24.5,0.5,0,25.84,on,95,98,50,45.0
2018-08-12 12:33:46,24.5,0.5,0,25.8,on,95,98,50,45.0
2018-08-12 12:34:48,24.5,0.5,0,25.71,on,95,98,50,45.0
2018-08-12 12:35:51,24.5,0.5,0,25.62,on,95,98,50,45.0
2018-08-12 12:36:53,24.5,0.5,0,25.55,on,95,98,50,45.0
2018-08-12 12:37:55,24.5,0.5,0,25.57,on,95,98,50,45.0
2018-08-12 12:38:57,24.5,0.5,0,25.63,on,95,98,50,45.0
2018-08-12 12:39:59,24.5,0.5,0,25.63,on,95,98,50,45.0
2018-08-12 12:41:02,24.5,0.5,0,25.54,on,95,98,50,45.0
2018-08-12 12:42:04,24.5,0.5,0,25.52,on,95,98,50,45.0
2018-08-12 12:43:06,24.5,0.5,0,25.53,on,95,98,50,45.0
2018-08-12 12:44:08,24.5,0.5,0,25.53,on,95,98,50,45.0
2018-08-12 12:45:10,24.5,0.5,0,25.5,on,95,98,50,45.0
2018-08-12 12:46:12,24.5,0.5,0,25.52,on,95,98,50,45.0
2018-08-12 12:47:14,24.5,0.5,0,25.53,on,95,98,50,45.0
2018-08-12 12:48:17,24.5,0.5,0,25.5,on,95,98,50,45.0
2018-08-12 12:49:19,24.5,0.5,0,25.39,on,95,98,50,45.0
2018-08-12 12:50:21,24.5,0.5,0,25.36,on,95,98,50,45.0
2018-08-12 12:51:23,24.5,0.5,0,25.34,on,95,98,50,45.0
2018-08-12 12:52:25,24.5,0.5,0,25.37,on,95,98,50,45.0
2018-08-12 12:53:27,24.5,0.5,0,25.37,on,95,98,50,45.0
2018-08-12 12:54:29,24.5,0.5,0,25.34,on,95,98,50,45.0
2018-08-12 12:55:32,24.5,0.5,0,25.27,on,95,98,50,45.0
2018-08-12 12:56:34,24.5,0.5,0,25.23,on,95,98,50,45.0
2018-08-12 12:57:36,24.5,0.5,0,25.11,on,95,98,50,45.0
2018-08-12 12:58:38,24.5,0.5,0,24.93,on,95,98,50,45.0
2018-08-12 12:59:40,24.5,0.5,0,24.78,on,95,98,50,45.0
2018-08-12 13:00:42,24.5,0.5,0,24.66,on,95,98,50,45.0
2018-08-12 13:01:45,24.5,0.5,0,24.51,on,95,98,50,45.0
2018-08-12 13:02:47,24.5,0.5,0,24.37,on,94,98,50,45.0
2018-08-12 13:03:49,24.5,0.5,0,24.24,on,93,98,49,45.0
2018-08-12 13:04:51,24.5,0.5,0,24.17,on,92,96,49,45.0
2018-08-12 13:05:53,24.5,0.5,0,24.1,on,92,95,49,45.0
2018-08-12 13:06:55,24.5,0.5,0,24.0,on,10,95,33,45.0
2018-08-12 13:07:57,24.5,0.5,0,23.99,on,10,66,33,45.0
2018-08-12 13:09:00,24.5,0.5,0,24.04,on,10,11,33,45.0
2018-08-12 13:10:02,24.5,0.5,0,24.09,on,10,10,33,45.0
2018-08-12 13:11:04,24.5,0.5,0,24.2,on,10,11,33,45.0
2018-08-12 13:12:06,24.5,0.5,0,24.28,on,10,10,33,45.0
2018-08-12 13:13:08,24.5,0.5,0,24.39,on,10,10,33,45.0
2018-08-12 13:14:11,24.5,0.5,0,24.5,on,10,11,33,45.0
2018-08-12 13:15:13,24.5,0.5,0,24.61,on,10,11,33,45.0
2018-08-12 13:16:15,24.5,0.5,0,24.71,on,10,11,33,45.0
2018-08-12 13:17:17,24.5,0.5,0,24.79,on,10,11,33,45.0
2018-08-12 13:18:19,24.5,0.5,0,24.89,on,10,11,33,45.0
2018-08-12 13:19:21,24.5,0.5,0,24.96,on,10,10,33,45.0
2018-08-12 13:20:23,24.5,0.5,0,25.04,on,10,11,33,45.0
2018-08-12 13:21:26,24.5,0.5,0,25.11,on,65,11,42,45.0
2018-08-12 13:22:28,24.5,0.5,0,25.19,on,67,10,42,45.0
2018-08-12 13:23:30,24.5,0.5,0,25.23,on,69,68,43,45.0
2018-08-12 13:24:32,24.5,0.5,0,25.25,on,71,69,44,45.0
2018-08-12 13:25:34,24.5,0.5,0,25.2,on,73,73,45,45.0
2018-08-12 13:26:36,24.5,0.5,0,25.12,on,74,76,46,45.0
2018-08-12 13:27:39,24.5,0.5,0,25.04,on,75,77,46,45.0
2018-08-12 13:28:41,24.5,0.5,0,24.94,on,75,78,47,45.0
2018-08-12 13:29:43,24.5,0.5,0,24.83,on,76,78,47,45.0
2018-08-12 13:30:45,24.5,0.5,0,24.77,on,76,79,47,45.0
2018-08-12 13:31:47,24.5,0.5,0,24.67,on,76,79,48,45.0
2018-08-12 13:32:49,24.5,0.5,0,24.61,on,76,79,48,45.0
2018-08-12 13:33:51,24.5,0.5,0,24.51,on,75,79,47,45.0
2018-08-12 13:34:53,24.5,0.5,0,24.47,on,75,79,47,45.0
2018-08-12 13:35:56,24.5,0.5,0,24.37,on,74,79,47,45.0
2018-08-12 13:36:58,24.5,0.5,0,24.33,on,74,77,47,45.0
2018-08-12 13:38:00,24.5,0.5,0,24.3,on,73,77,47,45.0
2018-08-12 13:39:02,24.5,0.5,0,24.23,on,73,76,47,45.0
2018-08-12 13:40:04,24.5,0.5,0,24.19,on,72,76,46,45.0
2018-08-12 13:41:06,24.5,0.5,0,24.16,on,71,74,46,45.0
2018-08-12 13:42:09,24.5,0.5,0,24.14,on,71,73,46,45.0
2018-08-12 13:43:11,24.5,0.5,0,24.12,on,70,74,46,45.0
2018-08-12 13:44:13,24.5,0.5,0,24.07,on,69,73,45,45.0
2018-08-12 13:45:15,24.5,0.5,0,24.09,on,69,71,45,45.0
2018-08-12 13:46:17,24.5,0.5,0,24.05,on,68,71,45,45.0
2018-08-12 13:47:19,24.5,0.5,0,24.03,on,67,71,44,45.0
2018-08-12 13:48:21,24.5,0.5,0,24.0,on,10,69,33,45.0
2018-08-12 13:49:24,24.5,0.5,0,24.01,on,10,67,33,45.0
2018-08-12 13:50:26,24.5,0.5,0,24.05,on,10,10,33,45.0
2018-08-12 13:51:28,24.5,0.5,0,24.15,on,10,11,33,45.0
2018-08-12 13:52:30,24.5,0.5,0,24.22,on,10,11,33,45.0
2018-08-12 13:53:32,24.5,0.5,0,24.3,on,10,11,33,45.0
2018-08-12 13:54:34,24.5,0.5,0,24.39,on,10,10,33,45.0
2018-08-12 13:55:37,24.5,0.5,0,24.46,on,10,11,33,45.0
2018-08-12 13:56:39,24.5,0.5,0,24.56,on,10,11,33,45.0
2018-08-12 13:57:41,24.5,0.5,0,24.61,on,10,11,33,45.0
2018-08-12 13:58:43,24.5,0.5,0,24.64,on,10,11,33,45.0
2018-08-12 13:59:45,24.5,0.5,0,24.74,on,10,11,33,45.0
2018-08-12 14:00:47,24.5,0.5,0,24.79,on,10,11,33,45.0
2018-08-12 14:01:49,24.5,0.5,0,24.84,on,10,11,33,45.0
2018-08-12 14:02:51,24.5,0.5,0,24.9,on,10,11,33,45.0
2018-08-12 14:03:54,24.5,0.5,0,24.95,on,10,11,33,45.0
2018-08-12 14:04:56,24.5,0.5,0,24.99,on,10,11,33,45.0
2018-08-12 14:05:58,24.5,0.5,0,25.05,on,10,11,33,45.0
2018-08-12 14:07:00,24.5,0.5,0,25.09,on,65,11,41,45.0
2018-08-12 14:08:02,24.5,0.5,0,25.15,on,67,37,42,45.0
2018-08-12 14:09:04,24.5,0.5,0,25.17,on,69,70,43,45.0
2018-08-12 14:10:07,24.5,0.5,0,25.19,on,71,72,44,45.0
2018-08-12 14:11:09,24.5,0.5,0,25.18,on,72,74,45,44.0
2018-08-12 14:12:11,24.5,0.5,0,25.11,on,73,74,46,45.0
2018-08-12 14:13:13,24.5,0.5,0,25.06,on,74,76,46,45.0
2018-08-12 14:14:15,24.5,0.5,0,25.01,on,75,77,47,45.0
2018-08-12 14:15:18,24.5,0.5,0,24.92,on,76,78,47,45.0
2018-08-12 14:16:20,24.5,0.5,0,24.82,on,76,79,48,45.0
2018-08-12 14:17:22,24.5,0.5,0,24.63,on,75,79,47,45.0
2018-08-12 14:18:24,24.5,0.5,0,24.53,on,75,79,47,45.0
2018-08-12 14:19:26,24.5,0.5,0,24.42,on,74,78,47,45.0
2018-08-12 14:20:28,24.5,0.5,0,24.34,on,74,79,47,45.0
2018-08-12 14:21:30,24.5,0.5,0,24.28,on,73,77,47,45.0
2018-08-12 14:22:33,24.5,0.5,0,24.19,on,72,77,46,45.0
2018-08-12 14:23:35,24.5,0.5,0,24.14,on,71,74,46,45.0
2018-08-12 14:24:37,24.5,0.5,0,24.12,on,71,73,46,45.0
2018-08-12 14:25:39,24.5,0.5,0,24.06,on,70,73,45,45.0
2018-08-12 14:26:41,24.5,0.5,0,24.01,on,69,73,45,45.0
2018-08-12 14:27:43,24.5,0.5,0,23.98,on,10,71,33,45.0
2018-08-12 14:28:46,24.5,0.5,0,23.92,on,10,28,33,45.0
2018-08-12 14:29:48,24.5,0.5,0,23.89,on,10,10,33,45.0
2018-08-12 14:30:50,24.5,0.5,0,23.92,on,10,11,33,45.0
2018-08-12 14:31:52,24.5,0.5,0,23.98,on,10,11,33,45.0
2018-08-12 14:32:54,24.5,0.5,0,24.04,on,10,11,33,45.0
2018-08-12 14:33:56,24.5,0.5,0,24.12,on,10,11,33,45.0
2018-08-12 14:34:58,24.5,0.5,0,24.21,on,10,11,33,45.0
2018-08-12 14:36:00,24.5,0.5,0,24.28,on,10,11,33,45.0
2018-08-12 14:37:03,24.5,0.5,0,24.36,on,10,10,33,45.0
2018-08-12 14:38:05,24.5,0.5,0,24.46,on,10,10,33,45.0
2018-08-12 14:39:07,24.5,0.5,0,24.51,on,10,10,33,45.0
2018-08-12 14:40:09,24.5,0.5,0,24.58,on,10,11,33,45.0
2018-08-12 14:41:11,24.5,0.5,0,24.62,on,10,11,33,45.0
2018-08-12 14:42:13,24.5,0.5,0,24.68,on,10,11,33,45.0
2018-08-12 14:43:16,24.5,0.5,0,24.75,on,10,10,33,45.0
2018-08-12 14:44:18,24.5,0.5,0,24.81,on,10,11,33,45.0
2018-08-12 14:45:20,24.5,0.5,0,24.86,on,10,10,33,45.0
2018-08-12 14:46:22,24.5,0.5,0,24.92,on,10,10,33,45.0
2018-08-12 14:47:24,24.5,0.5,0,24.98,on,10,11,33,45.0
2018-08-12 14:48:26,24.5,0.5,0,25.05,on,10,11,33,45.0
2018-08-12 14:49:28,24.5,0.5,0,25.08,on,65,10,41,45.0
2018-08-12 14:50:30,24.5,0.5,0,25.12,on,67,11,42,45.0
2018-08-12 14:51:33,24.5,0.5,0,25.1,on,68,68,43,45.0
2018-08-12 14:52:35,24.5,0.5,0,25.04,on,69,70,44,45.0
2018-08-12 14:53:37,24.5,0.5,0,24.97,on,70,72,44,45.0
2018-08-12 14:54:39,24.5,0.5,0,24.88,on,70,73,44,45.0
2018-08-12 14:55:41,24.5,0.5,0,24.77,on,70,72,45,45.0
2018-08-12 14:56:43,24.5,0.5,0,24.68,on,70,73,45,45.0
2018-08-12 14:57:45,24.5,0.5,0,24.56,on,70,73,45,45.0
2018-08-12 14:58:48,24.5,0.5,0,24.47,on,69,73,45,45.0
2018-08-12 14:59:50,24.5,0.5,0,24.43,on,69,73,44,45.0
2018-08-12 15:00:52,24.5,0.5,0,24.36,on,68,73,44,45.0
2018-08-12 15:01:54,24.5,0.5,0,24.31,on,68,70,44,45.0
2018-08-12 15:02:56,24.5,0.5,0,24.25,on,67,70,44,45.0
2018-08-12 15:03:58,24.5,0.5,0,24.2,on,67,69,44,45.0
2018-08-12 15:05:01,24.5,0.5,0,24.15,on,66,70,43,45.0
2018-08-12 15:06:03,24.5,0.5,0,24.08,on,65,68,43,45.0
2018-08-12 15:07:05,24.5,0.5,0,24.05,on,64,68,43,28.16
2018-08-12 15:08:07,24.5,0.5,0,24.03,on,63,66,42,0.0
2018-08-12 15:09:09,24.5,0.5,0,24.01,on,63,65,42,45.0
2018-08-12 15:10:11,24.5,0.5,0,23.98,on,10,65,33,45.0
2018-08-12 15:11:13,24.5,0.5,0,23.95,on,10,50,33,45.0
2018-08-12 15:12:16,24.5,0.5,0,24.01,on,10,11,33,45.0
2018-08-12 15:13:18,24.5,0.5,0,24.04,on,10,11,33,33.0
2018-08-12 15:14:20,24.5,0.5,0,24.04,on,10,11,33,33.0
2018-08-12 15:15:22,24.5,0.5,0,24.1,on,10,11,33,33.0
2018-08-12 15:16:24,24.5,0.5,0,24.12,on,10,11,33,33.0
2018-08-12 15:17:26,24.5,0.5,0,24.19,on,10,11,33,33.0
2018-08-12 15:18:28,24.5,0.5,0,24.23,on,10,11,33,33.0
2018-08-12 15:19:30,24.5,0.5,0,24.3,on,10,11,33,33.0
2018-08-12 15:20:33,24.5,0.5,0,24.35,on,10,11,33,33.0
2018-08-12 15:21:35,24.5,0.5,0,24.43,on,10,11,33,33.0
2018-08-12 15:22:37,24.5,0.5,0,24.53,on,10,10,33,33.0
2018-08-12 15:23:39,24.5,0.5,0,24.57,on,10,11,33,33.0
2018-08-12 15:24:41,24.5,0.5,0,24.61,on,10,11,33,33.0
2018-08-12 15:25:43,24.5,0.5,0,24.65,on,10,11,33,33.0
2018-08-12 15:26:45,24.5,0.5,0,24.68,on,10,11,33,33.0
2018-08-12 15:27:48,24.5,0.5,0,24.76,on,10,11,33,33.0
2018-08-12 15:28:50,24.5,0.5,0,24.77,on,10,11,33,33.0
2018-08-12 15:29:52,24.5,0.5,0,24.78,on,10,11,33,33.0
2018-08-12 15:30:54,24.5,0.5,0,24.86,on,10,11,33,33.0
2018-08-12 15:31:56,24.5,0.5,0,24.86,on,10,11,33,33.0
2018-08-12 15:32:58,24.5,0.5,0,24.91,on,10,11,33,33.0
2018-08-12 15:34:01,24.5,0.5,0,24.91,on,10,11,33,33.0
2018-08-12 15:35:03,24.5,0.5,0,24.93,on,10,11,33,33.0
2018-08-12 15:36:05,24.5,0.5,0,24.97,on,10,11,33,33.0
2018-08-12 15:37:07,24.5,0.5,0,25.02,on,10,11,33,33.0
2018-08-12 15:38:09,24.5,0.5,0,25.03,on,65,11,41,33.0
2018-08-12 15:39:11,24.5,0.5,0,25.05,on,66,29,42,38.5
2018-08-12 15:40:13,24.5,0.5,0,25.07,on,68,68,43,42.0
2018-08-12 15:41:16,24.5,0.5,0,25.05,on,69,71,43,43.0
2018-08-12 15:42:18,24.5,0.5,0,24.97,on,69,71,44,43.0
2018-08-12 15:43:20,24.5,0.5,0,24.89,on,70,71,44,44.0
2018-08-12 15:44:22,24.5,0.5,0,24.79,on,70,73,45,44.0
2018-08-12 15:45:24,24.5,0.5,0,24.68,on,70,73,45,45.0
2018-08-12 15:46:26,24.5,0.5,0,24.62,on,70,73,45,45.0
2018-08-12 15:47:28,24.5,0.5,0,24.53,on,69,73,45,45.0
2018-08-12 15:48:31,24.5,0.5,0,24.42,on,69,73,44,45.0
2018-08-12 15:49:33,24.5,0.5,0,24.35,on,68,73,44,44.0
2018-08-12 15:50:35,24.5,0.5,0,24.29,on,68,73,44,44.0
2018-08-12 15:51:37,24.5,0.5,0,24.25,on,67,71,44,44.0
2018-08-12 15:52:39,24.5,0.5,0,24.17,on,66,70,44,44.0
2018-08-12 15:53:41,24.5,0.5,0,24.12,on,66,68,43,44.0
2018-08-12 15:54:43,24.5,0.5,0,23.99,on,10,68,33,43.0
2018-08-12 15:55:45,24.5,0.5,0,23.94,on,10,22,33,33.0
2018-08-12 15:56:48,24.5,0.5,0,23.97,on,10,11,33,33.0
2018-08-12 15:57:50,24.5,0.5,0,23.99,on,10,10,33,33.0
2018-08-12 15:58:52,24.5,0.5,0,24.05,on,10,11,33,33.0
2018-08-12 15:59:54,24.5,0.5,0,24.12,on,10,11,33,33.0
2018-08-12 16:00:56,24.5,0.5,0,24.19,on,10,11,33,33.0
2018-08-12 16:01:58,24.5,0.5,0,24.25,on,10,11,33,33.0
2018-08-12 16:03:00,24.5,0.5,0,24.3,on,10,11,33,33.0
2018-08-12 16:04:03,24.5,0.5,0,24.37,on,10,11,33,33.0
2018-08-12 16:05:05,24.5,0.5,0,24.43,on,10,11,33,33.0
2018-08-12 16:06:07,24.5,0.5,0,24.48,on,10,10,33,33.0
2018-08-12 16:07:09,24.5,0.5,0,24.51,on,10,11,33,33.0
2018-08-12 16:08:11,24.5,0.5,0,24.58,on,10,11,33,33.0
2018-08-12 16:09:13,24.5,0.5,0,24.62,on,10,11,33,33.0
2018-08-12 16:10:15,24.5,0.5,0,24.65,on,10,11,33,33.0
2018-08-12 16:11:18,24.5,0.5,0,24.68,on,10,10,33,33.0
2018-08-12 16:12:20,24.5,0.5,0,24.75,on,10,11,33,33.0
2018-08-12 16:13:22,24.5,0.5,0,24.75,on,10,10,33,33.0
2018-08-12 16:14:24,24.5,0.5,0,24.79,on,10,11,33,33.0
2018-08-12 16:15:26,24.5,0.5,0,24.84,on,10,11,33,33.0
2018-08-12 16:16:28,24.5,0.5,0,24.87,on,10,11,33,33.0
2018-08-12 16:17:30,24.5,0.5,0,24.9,on,10,11,33,33.0
2018-08-12 16:18:33,24.5,0.5,0,24.92,on,10,11,33,33.0
2018-08-12 16:19:35,24.5,0.5,0,24.93,on,10,10,33,33.0
2018-08-12 16:20:37,24.5,0.5,0,24.96,on,10,11,33,33.0
2018-08-12 16:21:39,24.5,0.5,0,24.98,on,10,11,33,33.0
2018-08-12 16:22:41,24.5,0.5,0,24.98,on,10,11,33,33.0
2018-08-12 16:23:43,24.5,0.5,0,25.02,on,10,11,33,33.0
2018-08-12 16:24:45,24.5,0.5,0,25.03,on,65,11,41,33.0
2018-08-12 16:25:48,24.5,0.5,0,25.07,on,66,56,42,41.0
2018-08-12 16:26:50,24.5,0.5,0,25.08,on,68,68,43,42.0
2018-08-12 16:27:52,24.5,0.5,0,25.03,on,69,71,43,43.0
2018-08-12 16:28:54,24.5,0.5,0,25.01,on,70,71,44,43.0
2018-08-12 16:29:56,24.5,0.5,0,24.92,on,70,73,44,44.0
2018-08-12 16:30:58,24.5,0.5,0,24.88,on,71,73,45,44.0
2018-08-12 16:32:00,24.5,0.5,0,24.79,on,71,74,45,45.0
2018-08-12 16:33:03,24.5,0.5,0,24.74,on,72,73,45,45.0
2018-08-12 16:34:05,24.5,0.5,0,24.68,on,72,75,46,45.0
2018-08-12 16:35:07,24.5,0.5,0,24.62,on,72,75,46,45.0
2018-08-12 16:36:09,24.5,0.5,0,24.57,on,71,74,46,45.0
2018-08-12 16:37:11,24.5,0.5,0,24.52,on,71,74,46,45.0
2018-08-12 16:38:13,24.5,0.5,0,24.5,on,71,74,46,45.0
2018-08-12 16:39:15,24.5,0.5,0,24.47,on,71,74,45,45.0
2018-08-12 16:40:17,24.5,0.5,0,24.46,on,71,74,45,45.0
2018-08-12 16:41:20,24.5,0.5,0,24.42,on,71,74,45,45.0
2018-08-12 16:42:22,24.5,0.5,0,24.39,on,70,74,45,45.0
2018-08-12 16:43:24,24.5,0.5,0,24.37,on,70,73,45,45.0
2018-08-12 16:44:26,24.5,0.5,0,24.36,on,70,73,45,45.0
2018-08-12 16:45:28,24.5,0.5,0,24.33,on,69,72,45,45.0
2018-08-12 16:46:30,24.5,0.5,0,24.33,on,69,72,45,45.0
2018-08-12 16:47:33,24.5,0.5,0,24.3,on,69,71,45,45.0
2018-08-12 16:48:35,24.5,0.5,0,24.32,on,68,71,44,45.0
2018-08-12 16:49:37,24.5,0.5,0,24.3,on,68,71,44,44.0
2018-08-12 16:50:39,24.5,0.5,0,24.32,on,68,70,44,44.0
2018-08-12 16:51:41,24.5,0.5,1,24.34,on,68,70,44,44.0
2018-08-12 16:52:43,24.5,0.5,2,24.32,on,68,70,44,44.0
2018-08-12 16:53:45,24.5,0.5,0,24.37,on,10,70,33,44.0
2018-08-12 16:54:48,24.5,0.5,0,24.43,on,10,25,33,33.0
2018-08-12 16:55:50,24.5,0.5,0,24.47,on,10,11,33,33.0
2018-08-12 16:56:52,24.5,0.5,0,24.51,on,10,11,33,33.0
2018-08-12 16:57:54,24.5,0.5,0,24.51,on,10,11,33,33.0
2018-08-12 16:58:56,24.5,0.5,0,24.51,on,10,10,33,33.0
2018-08-12 16:59:58,24.5,0.5,0,24.62,on,10,11,33,33.0
2018-08-12 17:01:00,24.5,0.5,0,24.64,on,10,11,33,33.0
2018-08-12 17:02:03,24.5,0.5,0,24.68,on,10,11,33,33.0
2018-08-12 17:03:05,24.5,0.5,0,24.71,on,10,11,33,33.0
2018-08-12 17:04:07,24.5,0.5,0,24.74,on,10,11,33,33.0
2018-08-12 17:05:09,24.5,0.5,0,24.77,on,10,11,33,33.0
2018-08-12 17:06:11,24.5,0.5,0,24.78,on,10,11,33,33.0
2018-08-12 17:07:13,24.5,0.5,0,24.83,on,10,11,33,33.0
2018-08-12 17:08:15,24.5,0.5,0,24.87,on,10,11,33,33.0
2018-08-12 17:09:18,24.5,0.5,0,24.89,on,10,11,33,33.0
2018-08-12 17:10:20,24.5,0.5,0,24.92,on,10,11,33,33.0
2018-08-12 17:11:22,24.5,0.5,0,24.93,on,10,11,33,33.0
2018-08-12 17:12:24,24.5,0.5,0,24.95,on,10,11,33,33.0
2018-08-12 17:13:26,24.5,0.5,0,24.97,on,10,11,33,33.0
2018-08-12 17:14:28,24.5,0.5,0,25.03,on,10,10,33,33.0
2018-08-12 17:15:30,24.5,0.5,0,25.03,on,65,11,41,33.0
2018-08-12 17:16:33,24.5,0.5,0,25.06,on,66,11,42,41.0
2018-08-12 17:17:35,24.5,0.5,0,25.08,on,68,68,43,42.0
2018-08-12 17:18:37,24.5,0.5,0,25.06,on,69,68,43,43.0
2018-08-12 17:19:39,24.5,0.5,0,24.99,on,70,72,44,43.0
2018-08-12 17:20:41,24.5,0.5,0,24.94,on,71,73,44,44.0
2018-08-12 17:21:43,24.5,0.5,0,24.81,on,71,74,45,44.0
2018-08-12 17:22:45,24.5,0.5,0,24.71,on,70,74,45,45.0
2018-08-12 17:23:48,24.5,0.5,0,24.61,on,70,73,45,45.0
2018-08-12 17:24:50,24.5,0.5,0,24.5,on,69,74,45,45.0
2018-08-12 17:25:52,24.5,0.5,0,24.4,on,69,72,44,45.0
2018-08-12 17:26:54,24.5,0.5,0,24.33,on,68,71,44,44.0
2018-08-12 17:27:56,24.5,0.5,0,24.23,on,67,71,44,44.0
2018-08-12 17:28:58,24.5,0.5,0,24.17,on,67,70,44,44.0
2018-08-12 17:30:00,24.5,0.5,0,24.15,on,66,70,44,44.0
2018-08-12 17:31:03,24.5,0.5,0,24.14,on,66,69,43,44.0
2018-08-12 17:32:05,24.5,0.5,0,24.13,on,65,68,43,43.0
2018-08-12 17:33:07,24.5,0.5,0,24.13,on,64,68,43,43.0
2018-08-12 17:34:09,24.5,0.5,0,24.13,on,64,66,42,43.0
2018-08-12 17:35:11,24.5,0.5,0,24.1,on,63,67,42,42.0
2018-08-12 17:36:13,24.5,0.5,0,24.09,on,62,65,42,42.0
2018-08-12 17:37:15,24.5,0.5,0,24.07,on,62,64,41,42.0
2018-08-12 17:38:18,24.5,0.5,0,24.05,on,61,64,41,41.0
2018-08-12 17:39:20,24.5,0.5,0,24.0,on,10,63,33,41.0
